assistant,severity_weighted_score
baseline,0.07272727272727272
guarded,0.9636363636363636
