synthetic_group,n,positive_prediction_rate,mean_score,observed_default_rate
Group_A,359,0.04456824512534819,0.2319481892566094,0.22284122562674094
Group_B,239,0.04602510460251046,0.22971541203613327,0.2719665271966527
Group_C,152,0.039473684210526314,0.21800161717436528,0.25
