roc_auc,average_precision,accuracy,n_train,n_test
0.7054866471988512,0.470692360152674,0.7706666666666667,1750,750
