assistant,pass_rate,ci_low,ci_high,n
baseline,0.05333333333333334,0.02,0.08666666666666667,150
guarded,0.96,0.9266666666666666,0.9866666666666667,150
